{"Roondiwala-Std-250-OpenClose:F": 26.246327869306782, "Roondiwala-Std-250-OpenClose:MSFT": 19.141034572608714, "Roondiwala-Std-250-OpenClose:AMZN": 14.97995725823294, "Roondiwala-Std-250-OpenClose:MRK": 27.02228479755753, "Roondiwala-Std-250-OpenClose:NKE": 23.025473406352027}