{"RNN-base:AMZN": 1.1903479925061098, "RNN-base:MSFT": 1.0005376155105068, "RNN-base:GOOGL": 0.9648860048801987, "RNN-base:DPZ": 1.1011652276054402, "RNN-base:DIS": 0.8290132476350405, "RNN-base:TMO": 0.8705338555854965}