{"RNN-base:AMZN": 0.8502363011062011, "RNN-base:MSFT": 0.6995079916058795, "RNN-base:GOOGL": 0.7627814459798945, "RNN-base:DPZ": 1.19106725980123, "RNN-base:DIS": 0.804170501879519, "RNN-base:TMO": 0.9044704932020812}