{"RNN-base:AAPL": 2.3648672687764476, "RNN-base:IBM": 0.7119487369223462}