{"Behar-Std-500-HighLowOpenClose:F": 27.425020504924568, "Behar-Std-500-HighLowOpenClose:AMZN": 16.66300363608028, "Behar-Std-500-HighLowOpenClose:MRK": 26.030236384168752}