{"GRU-base:AMZN": 0.849415415319764, "GRU-base:MSFT": 0.7627539512104408, "GRU-base:GOOGL": 0.7491845793676419, "GRU-base:DPZ": 1.1523049752935042, "GRU-base:DIS": 0.7778794822128601, "GRU-base:TMO": 0.8587172482307336}