{"GRU-base:AMZN": 1.103935027399054, "GRU-base:MSFT": 0.9227453522458672, "GRU-base:GOOGL": 1.0049052387761706, "GRU-base:DPZ": 0.9676552257363631, "GRU-base:DIS": 0.7355018768658522, "GRU-base:TMO": 0.8246520620029243}