{"LSTM-base:AAPL": 1.5204437380864335, "LSTM-base:IBM": 0.6363713832515527}