{"LSTM-base:AMZN": 1.0775224375343793, "LSTM-base:MSFT": 0.9222966592064773, "LSTM-base:GOOGL": 0.9500729661283328, "LSTM-base:DPZ": 1.1800041600871083, "LSTM-base:DIS": 0.7434852861032175, "LSTM-base:TMO": 0.8271836158753824}