{"LSTM-adv:AMZN": 0.871593988004086, "LSTM-adv:MSFT": 0.6940955811130455, "LSTM-adv:GOOGL": 0.6991626653340122, "LSTM-adv:DPZ": 1.17647270630462, "LSTM-adv:DIS": 0.7731475392890903, "LSTM-adv:TMO": 0.8776137674501255}