{"LSTM-adv:AMZN": 0.8151722271280765, "LSTM-adv:MSFT": 0.6976323990862157, "LSTM-adv:GOOGL": 0.7028609899925388, "LSTM-adv:DPZ": 1.1788976061208891, "LSTM-adv:DIS": 0.7770209047745198, "LSTM-adv:TMO": 0.8668361142883603}