{"RNN-LSTM:AMZN": 6889.352460980053, "RNN-LSTM:MSFT": 2493.995584046412, "RNN-LSTM:GOOGL": 3878.0752221024527, "RNN-LSTM:DPZ": 1418.392360447846, "RNN-LSTM:DIS": 1831.9699235355417, "RNN-LSTM:TMO": 1104.9274149158177}