{"SimpleRNN:AAPL": 6854.667986547124, "SimpleRNN:IBM": 442.19893034758815}