{"SimpleRNN:AMZN": 6889.29145082964, "SimpleRNN:MSFT": 2519.1201805108963, "SimpleRNN:GOOGL": 2954.4207808855926, "SimpleRNN:DPZ": 4668.219404958503, "SimpleRNN:DIS": 3260.1891406489854, "SimpleRNN:TMO": 19176.382805784935}