{"RNN-LSTM:AAPL": 2434.8502992124677, "RNN-LSTM:IBM": 534.6369399577035}