{"SimpleRNN:AAPL": 2514.5648919941495, "SimpleRNN:IBM": 496.86803901241865}