{"RNN-base:AMZN": 0.8195948641124978, "RNN-base:MSFT": 0.7195848913746342, "RNN-base:GOOGL": 0.7254385794153803, "RNN-base:DPZ": 1.2991330804134211, "RNN-base:DIS": 0.77093653401702, "RNN-base:TMO": 0.8642331926532834}