{"SimpleRNN:AMZN": 5908.991863160921, "SimpleRNN:MSFT": 2869.2556510926593, "SimpleRNN:GOOGL": 2857.882694342723, "SimpleRNN:DPZ": 1330.0374299226555, "SimpleRNN:DIS": 1911.6777053370724, "SimpleRNN:TMO": 21701.98944474589}