{"RNN-LSTM:AAPL": 1.6583453502384888, "RNN-LSTM:IBM": 0.6247110942569164}