{"RNN-base:AAPL": 1.613213709177239, "RNN-base:IBM": 0.7022424266334977}