{"RNN-LSTM:AMZN": 1.1544185392196733, "RNN-LSTM:MSFT": 0.9694287906158817, "RNN-LSTM:GOOGL": 1.0546527388139957, "RNN-LSTM:DPZ": 0.96181863404588, "RNN-LSTM:DIS": 0.7372545460301145, "RNN-LSTM:TMO": 0.8641578336470632}