{"RNN-LSTM:AAPL": 2419.0321524401156, "RNN-LSTM:IBM": 534.9937104702631}