{"Std-Guassian-Smooth-sigma=5:F": 26242.46934670261, "Std-Guassian-Smooth-sigma=5:AMZN": 2675.820705955394, "Std-Guassian-Smooth-sigma=5:MRK": 5825.4417672214595}