{"LSTM-base:AMZN": 1.107489798089054, "LSTM-base:MSFT": 0.9212247146027636, "LSTM-base:GOOGL": 0.9477905417062368, "LSTM-base:DPZ": 0.9844238293275591, "LSTM-base:DIS": 0.7565331601886219, "LSTM-base:TMO": 0.9308579141616962}