{"GHMM:AMZN": 1.0656533448688092, "GHMM:MSFT": 0.9248786230173596, "GHMM:GOOGL": 0.9437459862812746, "GHMM:DPZ": 0.9636433452668626, "GHMM:DIS": 0.7318577517486213, "GHMM:TMO": 0.8082663510503943}