{"GHMM:AAPL": 1.5038844686318331, "GHMM:IBM": 0.6465202083325153}