{"GHMM:AMZN": 1.065673710720326, "GHMM:MSFT": 0.9248664107632492, "GHMM:GOOGL": 0.9437447182455633, "GHMM:DPZ": 0.963535628044747, "GHMM:DIS": 0.7318643393046098, "GHMM:TMO": 0.8082336460037975}