{"GHMM:AMZN": 0.7538691265106789, "GHMM:MSFT": 0.6767524315439984, "GHMM:GOOGL": 0.6885785354879593, "GHMM:DPZ": 1.1627883315602547, "GHMM:DIS": 0.755053931100699, "GHMM:TMO": 0.8595514282116659}