{"GHMM:AMZN": 0.7532765170628399, "GHMM:MSFT": 0.676987719401865, "GHMM:GOOGL": 0.6886773236690222, "GHMM:DPZ": 1.1627527192459097, "GHMM:DIS": 0.7551318560356274, "GHMM:TMO": 0.8595420043823235}