{"GHMM:AMZN": 1.0656526050564066, "GHMM:MSFT": 0.9240943112682035, "GHMM:GOOGL": 0.9428931818967365, "GHMM:DPZ": 0.9630400861794443, "GHMM:DIS": 0.7319473000594259, "GHMM:TMO": 0.808315809509149}