{"GMMHMM:AMZN": 1.1121640079419657, "GMMHMM:MSFT": 0.9802307269957694, "GMMHMM:GOOGL": 0.9998452734591772, "GMMHMM:DPZ": 0.963938122842551, "GMMHMM:DIS": 0.813959750418978, "GMMHMM:TMO": 0.9030072183615637}