{"GMMHMM:AMZN": 1.1124760095598152, "GMMHMM:MSFT": 1.008441744927816, "GMMHMM:GOOGL": 0.9998452734591772, "GMMHMM:DPZ": 0.963938122842551, "GMMHMM:DIS": 0.813959750418978, "GMMHMM:TMO": 0.9030072183615637}