{"GMMHMM:AMZN": 0.8369479102619437, "GMMHMM:MSFT": 0.7522690374137175, "GMMHMM:GOOGL": 0.7533816436039747, "GMMHMM:DPZ": 1.1896615599689315, "GMMHMM:DIS": 0.934339921862145, "GMMHMM:TMO": 1.0044556142147567}