{"LSTM-deep:AMZN": 1.0627845271134557, "LSTM-deep:MSFT": 0.9521100574181468, "LSTM-deep:GOOGL": 0.9619414617337623, "LSTM-deep:DPZ": 1.1377039351476155, "LSTM-deep:DIS": 0.766061082295979, "LSTM-deep:TMO": 0.8255582703050796}