{"LSTM-deep:AMZN": 0.8013291437444057, "LSTM-deep:MSFT": 0.6851720162079467, "LSTM-deep:GOOGL": 0.7280987028270768, "LSTM-deep:DPZ": 1.1625346017105658, "LSTM-deep:DIS": 0.7759338233021269, "LSTM-deep:TMO": 0.8878653729635788}