{"LSTM-adv:AMZN": 1.0836583183342157, "LSTM-adv:MSFT": 0.9226601564952032, "LSTM-adv:GOOGL": 0.9533931376910124, "LSTM-adv:DPZ": 0.9675937648332383, "LSTM-adv:DIS": 0.7359498388094914, "LSTM-adv:TMO": 0.8182306995538695}