{"paper-GMMGMM:AAPL": 1.5544763576312348, "paper-GMMGMM:IBM": 0.795007470431656}