{"Behar-Std-500-HighLowOpenClose:F": 1.9248416864365645, "Behar-Std-500-HighLowOpenClose:AMZN": 7.263938728536895, "Behar-Std-500-HighLowOpenClose:MRK": 3.752652144650449}