{"Moghar-Std-250-HighLowClose:F": 37.17705134363101, "Moghar-Std-250-HighLowClose:MSFT": 53.222114230184545, "Moghar-Std-250-HighLowClose:AMZN": 24.57211284511403, "Moghar-Std-250-HighLowClose:MRK": 31.945983555091868, "Moghar-Std-250-HighLowClose:NKE": 44.150162972767376}