{"GRU-base:AAPL": 1.5114553851704366, "GRU-base:IBM": 0.6443361626556238}