{"GRU-base:AMZN": 0.7749235581123834, "GRU-base:MSFT": 0.715584327811992, "GRU-base:GOOGL": 0.719995385999953, "GRU-base:DPZ": 1.209294275831454, "GRU-base:DIS": 0.7576955691004827, "GRU-base:TMO": 0.8902515933978415}