{"Roondiwala-Std-250-HighLowOpenClose:F": 25.519650115799784, "Roondiwala-Std-250-HighLowOpenClose:MSFT": 21.902593418779222, "Roondiwala-Std-250-HighLowOpenClose:AMZN": 18.735780894422692, "Roondiwala-Std-250-HighLowOpenClose:MRK": 40.48083326066393, "Roondiwala-Std-250-HighLowOpenClose:NKE": 25.640991017908856}