{"GHMM:AMZN": 0.7531071948207714, "GHMM:MSFT": 0.6770759879393587, "GHMM:GOOGL": 0.688750040847925, "GHMM:DPZ": 1.1627359165814422, "GHMM:DIS": 0.7550248415659213, "GHMM:TMO": 0.8595082789658017}