{"GHMM:AAPL": 1.503729691833401, "GHMM:IBM": 0.6466207141539245}