{"Roondiwala-Std-500-HighLowOpenClose:F": 36.013300741064505, "Roondiwala-Std-500-HighLowOpenClose:AMZN": 19.084993918799576, "Roondiwala-Std-500-HighLowOpenClose:MRK": 32.63106800242147}