{"Roondiwala-Std-500-HighLowOpenClose:F": 1.4322801416523785, "Roondiwala-Std-500-HighLowOpenClose:AMZN": 8.542240061400136, "Roondiwala-Std-500-HighLowOpenClose:MRK": 3.5384748131690147}