{"Roondiwala-Std-250-HighLowClose:F": 25.806688873051893, "Roondiwala-Std-250-HighLowClose:MSFT": 19.354607181147884, "Roondiwala-Std-250-HighLowClose:AMZN": 17.532557628647275, "Roondiwala-Std-250-HighLowClose:MRK": 27.957834799269925, "Roondiwala-Std-250-HighLowClose:NKE": 24.999356337337403}