{"Std-Guassian-Smooth-sigma=10:F": 24480.00653235723, "Std-Guassian-Smooth-sigma=10:AMZN": 2788.2770135728415, "Std-Guassian-Smooth-sigma=10:MRK": 6257.8403209632825}