{"Rowan-MinMax-Guassian-Smooth-sigma=5:F": 2.017460007486931, "Rowan-MinMax-Guassian-Smooth-sigma=5:AMZN": 9.49691040590631, "Rowan-MinMax-Guassian-Smooth-sigma=5:MRK": 4.1127923287551065}