{"Moghar-Std-250-OpenClose:F": 26.358912707035074, "Moghar-Std-250-OpenClose:MSFT": 62.49692122350681, "Moghar-Std-250-OpenClose:AMZN": 23.406420730737885, "Moghar-Std-250-OpenClose:MRK": 30.87202104422093, "Moghar-Std-250-OpenClose:NKE": 44.645719191238044}