{"Pawar-Std-100-Close:F": 25.223459487385423, "Pawar-Std-100-Close:AMZN": 9.856512650877647, "Pawar-Std-100-Close:MRK": 32.54251767226093}