{"GHMM:AAPL": 1.5028247156437355, "GHMM:IBM": 0.6476250916760404}