{"GMMHMM:AAPL": 1.4950795095111924, "GMMHMM:IBM": 0.6347769451795074}