{"GMMHMM:AMZN": 0.8222565090680263, "GMMHMM:MSFT": 0.7300662065389056, "GMMHMM:GOOGL": 0.7415306769806462, "GMMHMM:DPZ": 1.1896615599689315, "GMMHMM:DIS": 0.934339921862145, "GMMHMM:TMO": 0.9508014672431472}