{"GRU-base:AMZN": 1.0634011539643817, "GRU-base:MSFT": 0.9894867225618358, "GRU-base:GOOGL": 0.9738374792450636, "GRU-base:DPZ": 1.0305940512895448, "GRU-base:DIS": 0.7776123834121603, "GRU-base:TMO": 0.8858152537359272}