{"GRU-base:AAPL": 1.6439768029548374, "GRU-base:IBM": 0.6195040280613121}