{"LSTM-adv:AAPL": 1.561745709044905, "LSTM-adv:IBM": 0.6381493445012906}