{"LSTM-adv:AMZN": 0.7515537543894629, "LSTM-adv:MSFT": 0.6964633235318631, "LSTM-adv:GOOGL": 0.6960367383403663, "LSTM-adv:DPZ": 1.1679656484122138, "LSTM-adv:DIS": 0.7521080456363363, "LSTM-adv:TMO": 0.8642424718356448}