{"LSTM-base:AMZN": 0.8205429936608818, "LSTM-base:MSFT": 0.6976057646425999, "LSTM-base:GOOGL": 0.7700961134525073, "LSTM-base:DPZ": 1.2396708459053394, "LSTM-base:DIS": 0.7683212014241306, "LSTM-base:TMO": 0.9403908153363038}