{"LSTM-adv:AAPL": 1.6428639428937915, "LSTM-adv:IBM": 0.6189726732687014}