{"LSTM-deep:AAPL": 1.5951763220344426, "LSTM-deep:IBM": 0.6368899722449846}