{"LSTM-adv:AAPL": 1.498866946645355, "LSTM-adv:IBM": 0.6266276586343467}