{"LSTM-adv:AMZN": 1.0800963382446351, "LSTM-adv:MSFT": 0.9228787077027459, "LSTM-adv:GOOGL": 0.9480277724823007, "LSTM-adv:DPZ": 1.0014638627642094, "LSTM-adv:DIS": 0.7261258806701412, "LSTM-adv:TMO": 0.8178729845299939}