{"LSTM-base:AAPL": 1.5200488181995788, "LSTM-base:IBM": 0.6195231620124242}