{"LSTM-base:AMZN": 0.7828035339902437, "LSTM-base:MSFT": 0.7196359382823958, "LSTM-base:GOOGL": 0.7906075707487984, "LSTM-base:DPZ": 1.1697607258831304, "LSTM-base:DIS": 0.8015351129173356, "LSTM-base:TMO": 0.8626130799246161}