{"LSTM-deep:AAPL": 1.5052823885319795, "LSTM-deep:IBM": 0.6131867519707613}