{"LSTM-adv:AMZN": 1.1091202666437343, "LSTM-adv:MSFT": 0.9328697203264513, "LSTM-adv:GOOGL": 1.0496479228446869, "LSTM-adv:DPZ": 1.0779049556498699, "LSTM-adv:DIS": 0.7372666041994905, "LSTM-adv:TMO": 0.8165163689251426}