{"LSTM-deep:AMZN": 0.7652564703447141, "LSTM-deep:MSFT": 0.6857375533415996, "LSTM-deep:GOOGL": 0.7093532993837173, "LSTM-deep:DPZ": 1.1458853685991615, "LSTM-deep:DIS": 0.766731957910465, "LSTM-deep:TMO": 0.8514220227322268}