{"LSTM-deep:AMZN": 1.0559909842945432, "LSTM-deep:MSFT": 0.9790032221222316, "LSTM-deep:GOOGL": 0.9578816886637923, "LSTM-deep:DPZ": 0.9725101090412767, "LSTM-deep:DIS": 0.7310497357506702, "LSTM-deep:TMO": 0.8083575679774873}