{"paper-GMMGMM:AMZN": 1.0608342719591786, "paper-GMMGMM:MSFT": 1.008441744927816, "paper-GMMGMM:GOOGL": 0.993882088656906, "paper-GMMGMM:DPZ": 1.0116066268055008, "paper-GMMGMM:DIS": 1.0430379288039975, "paper-GMMGMM:TMO": 0.9030072183615637}