{"RNN-base:AMZN": 1.0919893060906565, "RNN-base:MSFT": 0.9287065903966917, "RNN-base:GOOGL": 1.0356579061610243, "RNN-base:DPZ": 0.9922416163755725, "RNN-base:DIS": 0.7959546895525169, "RNN-base:TMO": 0.8078111650276305}