{"SMA-10:AAPL": 4.269111568301386, "SMA-10:IBM": 1.5053190543161261}