{"SMA-10:AMZN": 1.5128662499436092, "SMA-10:MSFT": 1.3611674620259504, "SMA-10:GOOGL": 1.4020417801264347, "SMA-10:DPZ": 2.2313096461550943, "SMA-10:DIS": 1.8484807250712727, "SMA-10:TMO": 1.858089341055015}