{"SMA-10:AMZN": 2.7398751871985727, "SMA-10:MSFT": 2.2488029752545424, "SMA-10:GOOGL": 2.2413844858322785, "SMA-10:DPZ": 1.75489863745748, "SMA-10:DIS": 1.9875147309050911, "SMA-10:TMO": 1.680617200440641}