{"Moghar-Std-100-Open:F": 46.672596425017275, "Moghar-Std-100-Open:AMZN": 22.21544914734764, "Moghar-Std-100-Open:MRK": 38.99735344289458}