{"Moghar-Std-100-Open:F": 2.826487285974667, "Moghar-Std-100-Open:AMZN": 11.750518581752088, "Moghar-Std-100-Open:MRK": 7.391199910161845}