{"Pawar-Std-100-Close:F": 2.2704116068223086, "Pawar-Std-100-Close:AMZN": 4.005731297174504, "Pawar-Std-100-Close:MRK": 2.300505113417166}