{"Rowan-MinMax-Guassian-Smooth:F": 2.6954163796988695, "Rowan-MinMax-Guassian-Smooth:AMZN": 11.498220927290273, "Rowan-MinMax-Guassian-Smooth:MRK": 4.351219118011651}